hospital_id,treatment_code,count_number,count_label
772884,KAHKO0,0,sehr wenige
772884,KAHM0,0,sehr wenige
772884,KAKIA,0,sehr wenige
772884,KAKIB,602,sehr viele
772884,KALE0,504,sehr viele
772884,KABK0,182,wenige
772884,KALK0,101,sehr wenige
772884,KADK0,107,sehr wenige
772884,KAOM0,22,sehr wenige
772884,KAPRK0,76,sehr wenige
772884,KAPK0,9,sehr wenige
772884,KAEH0,28,sehr wenige
772884,KARH0,43,sehr wenige
772884,KARK0,32,sehr wenige
772884,KAEK0,30,sehr wenige
772884,KASA0,529,sehr viele
772884,KAMUS0,22,sehr wenige
772884,KAPAR0,38,sehr wenige
772884,KAEN0,1597,sehr viele
772884,KABAA0,0,sehr wenige
772884,KASCHK0,53,sehr wenige
772884,KAOH0,22,sehr wenige
772886,KAHKO0,0,sehr wenige
772886,KAHM0,0,sehr wenige
772886,KAKIA,0,sehr wenige
772886,KAKIB,0,sehr wenige
772886,KALE0,120,wenige
772886,KABK0,0,sehr wenige
772886,KALK0,0,sehr wenige
772886,KADK0,0,sehr wenige
772886,KAOM0,0,sehr wenige
772886,KAPRK0,0,sehr wenige
772886,KAPK0,0,sehr wenige
772886,KAEH0,0,sehr wenige
772886,KARH0,0,sehr wenige
772886,KARK0,0,sehr wenige
772886,KAEK0,0,sehr wenige
772886,KASA0,0,sehr wenige
772886,KAMUS0,0,sehr wenige
772886,KAPAR0,0,sehr wenige
772886,KAEN0,0,sehr wenige
772886,KABAA0,0,sehr wenige
772886,KASCHK0,0,sehr wenige
772886,KAOH0,0,sehr wenige
772890,KAHKO0,0,sehr wenige
772890,KAHM0,0,sehr wenige
772890,KAKIA,0,sehr wenige
772890,KAKIB,0,sehr wenige
772890,KALE0,236,mittel
772890,KABK0,8,sehr wenige
772890,KALK0,0,sehr wenige
772890,KADK0,18,sehr wenige
772890,KAOM0,0,sehr wenige
772890,KAPRK0,0,sehr wenige
772890,KAPK0,0,sehr wenige
772890,KAEH0,16,sehr wenige
772890,KARH0,0,sehr wenige
772890,KARK0,0,sehr wenige
772890,KAEK0,61,sehr wenige
772890,KASA0,0,sehr wenige
772890,KAMUS0,0,sehr wenige
772890,KAPAR0,0,sehr wenige
772890,KAEN0,81,sehr wenige
772890,KABAA0,0,sehr wenige
772890,KASCHK0,0,sehr wenige
772890,KAOH0,0,sehr wenige
772891,KAHKO0,0,sehr wenige
772891,KAHM0,0,sehr wenige
772891,KAKIA,0,sehr wenige
772891,KAKIB,222,mittel
772891,KALE0,357,sehr viele
772891,KABK0,32,sehr wenige
772891,KALK0,0,sehr wenige
772891,KADK0,19,sehr wenige
772891,KAOM0,0,sehr wenige
772891,KAPRK0,5,sehr wenige
772891,KAPK0,0,sehr wenige
772891,KAEH0,53,sehr wenige
772891,KARH0,12,sehr wenige
772891,KARK0,9,sehr wenige
772891,KAEK0,81,sehr wenige
772891,KASA0,226,mittel
772891,KAMUS0,13,sehr wenige
772891,KAPAR0,22,sehr wenige
772891,KAEN0,372,sehr viele
772891,KABAA0,0,sehr wenige
772891,KASCHK0,84,sehr wenige
772891,KAOH0,16,sehr wenige
772892,KAHKO0,0,sehr wenige
772892,KAHM0,0,sehr wenige
772892,KAKIA,0,sehr wenige
772892,KAKIB,0,sehr wenige
772892,KALE0,44,sehr wenige
772892,KABK0,0,sehr wenige
772892,KALK0,0,sehr wenige
772892,KADK0,0,sehr wenige
772892,KAOM0,0,sehr wenige
772892,KAPRK0,0,sehr wenige
772892,KAPK0,0,sehr wenige
772892,KAEH0,64,sehr wenige
772892,KARH0,5,sehr wenige
772892,KARK0,6,sehr wenige
772892,KAEK0,74,sehr wenige
772892,KASA0,0,sehr wenige
772892,KAMUS0,0,sehr wenige
772892,KAPAR0,0,sehr wenige
772892,KAEN0,0,sehr wenige
772892,KABAA0,0,sehr wenige
772892,KASCHK0,0,sehr wenige
772892,KAOH0,0,sehr wenige
772893,KAHKO0,0,sehr wenige
772893,KAHM0,0,sehr wenige
772893,KAKIA,0,sehr wenige
772893,KAKIB,542,sehr viele
772893,KALE0,670,sehr viele
772893,KABK0,191,wenige
772893,KALK0,39,sehr wenige
772893,KADK0,80,sehr wenige
772893,KAOM0,30,sehr wenige
772893,KAPRK0,51,sehr wenige
772893,KAPK0,12,sehr wenige
772893,KAEH0,14,sehr wenige
772893,KARH0,5,sehr wenige
772893,KARK0,9,sehr wenige
772893,KAEK0,0,sehr wenige
772893,KASA0,743,sehr viele
772893,KAMUS0,75,sehr wenige
772893,KAPAR0,86,sehr wenige
772893,KAEN0,798,sehr viele
772893,KABAA0,9,sehr wenige
772893,KASCHK0,108,sehr wenige
772893,KAOH0,19,sehr wenige
772894,KAHKO0,0,sehr wenige
772894,KAHM0,0,sehr wenige
772894,KAKIA,0,sehr wenige
772894,KAKIB,0,sehr wenige
772894,KALE0,44,sehr wenige
772894,KABK0,0,sehr wenige
772894,KALK0,0,sehr wenige
772894,KADK0,0,sehr wenige
772894,KAOM0,0,sehr wenige
772894,KAPRK0,0,sehr wenige
772894,KAPK0,0,sehr wenige
772894,KAEH0,643,sehr viele
772894,KARH0,63,sehr wenige
772894,KARK0,65,sehr wenige
772894,KAEK0,658,sehr viele
772894,KASA0,0,sehr wenige
772894,KAMUS0,0,sehr wenige
772894,KAPAR0,0,sehr wenige
772894,KAEN0,0,sehr wenige
772894,KABAA0,0,sehr wenige
772894,KASCHK0,0,sehr wenige
772894,KAOH0,0,sehr wenige
772895,KAHKO0,0,sehr wenige
772895,KAHM0,0,sehr wenige
772895,KAKIA,0,sehr wenige
772895,KAKIB,0,sehr wenige
772895,KALE0,131,wenige
772895,KABK0,0,sehr wenige
772895,KALK0,0,sehr wenige
772895,KADK0,7,sehr wenige
772895,KAOM0,0,sehr wenige
772895,KAPRK0,0,sehr wenige
772895,KAPK0,0,sehr wenige
772895,KAEH0,19,sehr wenige
772895,KARH0,0,sehr wenige
772895,KARK0,0,sehr wenige
772895,KAEK0,19,sehr wenige
772895,KASA0,0,sehr wenige
772895,KAMUS0,0,sehr wenige
772895,KAPAR0,0,sehr wenige
772895,KAEN0,0,sehr wenige
772895,KABAA0,0,sehr wenige
772895,KASCHK0,69,sehr wenige
772895,KAOH0,0,sehr wenige
772897,KAHKO0,0,sehr wenige
772897,KAHM0,0,sehr wenige
772897,KAKIA,0,sehr wenige
772897,KAKIB,0,sehr wenige
772897,KALE0,280,viele
772897,KABK0,7,sehr wenige
772897,KALK0,0,sehr wenige
772897,KADK0,26,sehr wenige
772897,KAOM0,0,sehr wenige
772897,KAPRK0,0,sehr wenige
772897,KAPK0,0,sehr wenige
772897,KAEH0,0,sehr wenige
772897,KARH0,0,sehr wenige
772897,KARK0,0,sehr wenige
772897,KAEK0,0,sehr wenige
772897,KASA0,0,sehr wenige
772897,KAMUS0,0,sehr wenige
772897,KAPAR0,8,sehr wenige
772897,KAEN0,1035,sehr viele
772897,KABAA0,0,sehr wenige
772897,KASCHK0,0,sehr wenige
772897,KAOH0,0,sehr wenige
772898,KAHKO0,0,sehr wenige
772898,KAHM0,0,sehr wenige
772898,KAKIA,0,sehr wenige
772898,KAKIB,0,sehr wenige
772898,KALE0,0,sehr wenige
772898,KABK0,0,sehr wenige
772898,KALK0,0,sehr wenige
772898,KADK0,0,sehr wenige
772898,KAOM0,0,sehr wenige
772898,KAPRK0,0,sehr wenige
772898,KAPK0,0,sehr wenige
772898,KAEH0,0,sehr wenige
772898,KARH0,0,sehr wenige
772898,KARK0,0,sehr wenige
772898,KAEK0,0,sehr wenige
772898,KASA0,0,sehr wenige
772898,KAMUS0,0,sehr wenige
772898,KAPAR0,0,sehr wenige
772898,KAEN0,0,sehr wenige
772898,KABAA0,0,sehr wenige
772898,KASCHK0,0,sehr wenige
772898,KAOH0,0,sehr wenige
772899,KAHKO0,0,sehr wenige
772899,KAHM0,0,sehr wenige
772899,KAKIA,0,sehr wenige
772899,KAKIB,0,sehr wenige
772899,KALE0,0,sehr wenige
772899,KABK0,0,sehr wenige
772899,KALK0,0,sehr wenige
772899,KADK0,0,sehr wenige
772899,KAOM0,0,sehr wenige
772899,KAPRK0,0,sehr wenige
772899,KAPK0,0,sehr wenige
772899,KAEH0,0,sehr wenige
772899,KARH0,0,sehr wenige
772899,KARK0,0,sehr wenige
772899,KAEK0,0,sehr wenige
772899,KASA0,0,sehr wenige
772899,KAMUS0,0,sehr wenige
772899,KAPAR0,0,sehr wenige
772899,KAEN0,0,sehr wenige
772899,KABAA0,0,sehr wenige
772899,KASCHK0,0,sehr wenige
772899,KAOH0,0,sehr wenige
772900,KAHKO0,0,sehr wenige
772900,KAHM0,0,sehr wenige
772900,KAKIA,0,sehr wenige
772900,KAKIB,120,wenige
772900,KALE0,292,viele
772900,KABK0,60,sehr wenige
772900,KALK0,0,sehr wenige
772900,KADK0,20,sehr wenige
772900,KAOM0,0,sehr wenige
772900,KAPRK0,18,sehr wenige
772900,KAPK0,0,sehr wenige
772900,KAEH0,73,sehr wenige
772900,KARH0,9,sehr wenige
772900,KARK0,7,sehr wenige
772900,KAEK0,68,sehr wenige
772900,KASA0,0,sehr wenige
772900,KAMUS0,0,sehr wenige
772900,KAPAR0,10,sehr wenige
772900,KAEN0,1063,sehr viele
772900,KABAA0,0,sehr wenige
772900,KASCHK0,142,wenige
772900,KAOH0,4,sehr wenige
772901,KAHKO0,98,sehr wenige
772901,KAHM0,236,mittel
772901,KAKIA,133,wenige
772901,KAKIB,416,sehr viele
772901,KALE0,816,sehr viele
772901,KABK0,0,sehr wenige
772901,KALK0,125,wenige
772901,KADK0,47,sehr wenige
772901,KAOM0,9,sehr wenige
772901,KAPRK0,83,sehr wenige
772901,KAPK0,17,sehr wenige
772901,KAEH0,56,sehr wenige
772901,KARH0,16,sehr wenige
772901,KARK0,0,sehr wenige
772901,KAEK0,49,sehr wenige
772901,KASA0,657,sehr viele
772901,KAMUS0,60,sehr wenige
772901,KAPAR0,83,sehr wenige
772901,KAEN0,0,sehr wenige
772901,KABAA0,36,sehr wenige
772901,KASCHK0,390,sehr viele
772901,KAOH0,89,sehr wenige
772902,KAHKO0,0,sehr wenige
772902,KAHM0,0,sehr wenige
772902,KAKIA,0,sehr wenige
772902,KAKIB,286,viele
772902,KALE0,684,sehr viele
772902,KABK0,176,wenige
772902,KALK0,71,sehr wenige
772902,KADK0,89,sehr wenige
772902,KAOM0,9,sehr wenige
772902,KAPRK0,77,sehr wenige
772902,KAPK0,0,sehr wenige
772902,KAEH0,270,viele
772902,KARH0,19,sehr wenige
772902,KARK0,18,sehr wenige
772902,KAEK0,168,wenige
772902,KASA0,0,sehr wenige
772902,KAMUS0,0,sehr wenige
772902,KAPAR0,0,sehr wenige
772902,KAEN0,1944,sehr viele
772902,KABAA0,0,sehr wenige
772902,KASCHK0,0,sehr wenige
772902,KAOH0,0,sehr wenige
772903,KAHKO0,0,sehr wenige
772903,KAHM0,0,sehr wenige
772903,KAKIA,0,sehr wenige
772903,KAKIB,0,sehr wenige
772903,KALE0,94,sehr wenige
772903,KABK0,0,sehr wenige
772903,KALK0,0,sehr wenige
772903,KADK0,0,sehr wenige
772903,KAOM0,0,sehr wenige
772903,KAPRK0,0,sehr wenige
772903,KAPK0,0,sehr wenige
772903,KAEH0,0,sehr wenige
772903,KARH0,0,sehr wenige
772903,KARK0,0,sehr wenige
772903,KAEK0,0,sehr wenige
772903,KASA0,0,sehr wenige
772903,KAMUS0,0,sehr wenige
772903,KAPAR0,0,sehr wenige
772903,KAEN0,0,sehr wenige
772903,KABAA0,0,sehr wenige
772903,KASCHK0,0,sehr wenige
772903,KAOH0,0,sehr wenige
772905,KAHKO0,0,sehr wenige
772905,KAHM0,0,sehr wenige
772905,KAKIA,0,sehr wenige
772905,KAKIB,516,sehr viele
772905,KALE0,349,sehr viele
772905,KABK0,0,sehr wenige
772905,KALK0,0,sehr wenige
772905,KADK0,35,sehr wenige
772905,KAOM0,0,sehr wenige
772905,KAPRK0,0,sehr wenige
772905,KAPK0,0,sehr wenige
772905,KAEH0,237,mittel
772905,KARH0,21,sehr wenige
772905,KARK0,28,sehr wenige
772905,KAEK0,289,viele
772905,KASA0,705,sehr viele
772905,KAMUS0,54,sehr wenige
772905,KAPAR0,26,sehr wenige
772905,KAEN0,0,sehr wenige
772905,KABAA0,18,sehr wenige
772905,KASCHK0,241,mittel
772905,KAOH0,22,sehr wenige
772910,KAHKO0,0,sehr wenige
772910,KAHM0,0,sehr wenige
772910,KAKIA,0,sehr wenige
772910,KAKIB,0,sehr wenige
772910,KALE0,0,sehr wenige
772910,KABK0,0,sehr wenige
772910,KALK0,0,sehr wenige
772910,KADK0,0,sehr wenige
772910,KAOM0,0,sehr wenige
772910,KAPRK0,0,sehr wenige
772910,KAPK0,0,sehr wenige
772910,KAEH0,155,wenige
772910,KARH0,0,sehr wenige
772910,KARK0,12,sehr wenige
772910,KAEK0,181,wenige
772910,KASA0,0,sehr wenige
772910,KAMUS0,0,sehr wenige
772910,KAPAR0,0,sehr wenige
772910,KAEN0,0,sehr wenige
772910,KABAA0,0,sehr wenige
772910,KASCHK0,0,sehr wenige
772910,KAOH0,0,sehr wenige
772911,KAHKO0,0,sehr wenige
772911,KAHM0,0,sehr wenige
772911,KAKIA,0,sehr wenige
772911,KAKIB,303,viele
772911,KALE0,431,sehr viele
772911,KABK0,11,sehr wenige
772911,KALK0,0,sehr wenige
772911,KADK0,44,sehr wenige
772911,KAOM0,4,sehr wenige
772911,KAPRK0,43,sehr wenige
772911,KAPK0,8,sehr wenige
772911,KAEH0,160,wenige
772911,KARH0,14,sehr wenige
772911,KARK0,28,sehr wenige
772911,KAEK0,190,wenige
772911,KASA0,273,viele
772911,KAMUS0,18,sehr wenige
772911,KAPAR0,11,sehr wenige
772911,KAEN0,765,sehr viele
772911,KABAA0,7,sehr wenige
772911,KASCHK0,148,wenige
772911,KAOH0,9,sehr wenige
772912,KAHKO0,0,sehr wenige
772912,KAHM0,0,sehr wenige
772912,KAKIA,0,sehr wenige
772912,KAKIB,528,sehr viele
772912,KALE0,760,sehr viele
772912,KABK0,200,wenige
772912,KALK0,0,sehr wenige
772912,KADK0,75,sehr wenige
772912,KAOM0,9,sehr wenige
772912,KAPRK0,41,sehr wenige
772912,KAPK0,8,sehr wenige
772912,KAEH0,70,sehr wenige
772912,KARH0,14,sehr wenige
772912,KARK0,18,sehr wenige
772912,KAEK0,101,sehr wenige
772912,KASA0,641,sehr viele
772912,KAMUS0,34,sehr wenige
772912,KAPAR0,50,sehr wenige
772912,KAEN0,1288,sehr viele
772912,KABAA0,22,sehr wenige
772912,KASCHK0,273,viele
772912,KAOH0,52,sehr wenige
772913,KAHKO0,0,sehr wenige
772913,KAHM0,0,sehr wenige
772913,KAKIA,0,sehr wenige
772913,KAKIB,262,viele
772913,KALE0,190,wenige
772913,KABK0,0,sehr wenige
772913,KALK0,0,sehr wenige
772913,KADK0,30,sehr wenige
772913,KAOM0,0,sehr wenige
772913,KAPRK0,167,wenige
772913,KAPK0,0,sehr wenige
772913,KAEH0,78,sehr wenige
772913,KARH0,14,sehr wenige
772913,KARK0,10,sehr wenige
772913,KAEK0,60,sehr wenige
772913,KASA0,231,mittel
772913,KAMUS0,18,sehr wenige
772913,KAPAR0,93,sehr wenige
772913,KAEN0,0,sehr wenige
772913,KABAA0,0,sehr wenige
772913,KASCHK0,166,wenige
772913,KAOH0,7,sehr wenige
772914,KAHKO0,0,sehr wenige
772914,KAHM0,0,sehr wenige
772914,KAKIA,0,sehr wenige
772914,KAKIB,0,sehr wenige
772914,KALE0,405,sehr viele
772914,KABK0,47,sehr wenige
772914,KALK0,4,sehr wenige
772914,KADK0,28,sehr wenige
772914,KAOM0,0,sehr wenige
772914,KAPRK0,0,sehr wenige
772914,KAPK0,0,sehr wenige
772914,KAEH0,32,sehr wenige
772914,KARH0,0,sehr wenige
772914,KARK0,0,sehr wenige
772914,KAEK0,101,sehr wenige
772914,KASA0,0,sehr wenige
772914,KAMUS0,0,sehr wenige
772914,KAPAR0,0,sehr wenige
772914,KAEN0,2317,sehr viele
772914,KABAA0,0,sehr wenige
772914,KASCHK0,0,sehr wenige
772914,KAOH0,0,sehr wenige
772915,KAHKO0,0,sehr wenige
772915,KAHM0,0,sehr wenige
772915,KAKIA,0,sehr wenige
772915,KAKIB,180,wenige
772915,KALE0,185,wenige
772915,KABK0,0,sehr wenige
772915,KALK0,0,sehr wenige
772915,KADK0,12,sehr wenige
772915,KAOM0,17,sehr wenige
772915,KAPRK0,0,sehr wenige
772915,KAPK0,0,sehr wenige
772915,KAEH0,18,sehr wenige
772915,KARH0,4,sehr wenige
772915,KARK0,0,sehr wenige
772915,KAEK0,0,sehr wenige
772915,KASA0,790,sehr viele
772915,KAMUS0,72,sehr wenige
772915,KAPAR0,37,sehr wenige
772915,KAEN0,0,sehr wenige
772915,KABAA0,0,sehr wenige
772915,KASCHK0,16,sehr wenige
772915,KAOH0,45,sehr wenige
772916,KAHKO0,0,sehr wenige
772916,KAHM0,254,viele
772916,KAKIA,0,sehr wenige
772916,KAKIB,657,sehr viele
772916,KALE0,716,sehr viele
772916,KABK0,277,viele
772916,KALK0,54,sehr wenige
772916,KADK0,83,sehr wenige
772916,KAOM0,35,sehr wenige
772916,KAPRK0,81,sehr wenige
772916,KAPK0,18,sehr wenige
772916,KAEH0,113,sehr wenige
772916,KARH0,23,sehr wenige
772916,KARK0,35,sehr wenige
772916,KAEK0,107,sehr wenige
772916,KASA0,604,sehr viele
772916,KAMUS0,105,sehr wenige
772916,KAPAR0,54,sehr wenige
772916,KAEN0,1165,sehr viele
772916,KABAA0,24,sehr wenige
772916,KASCHK0,312,viele
772916,KAOH0,53,sehr wenige
772917,KAHKO0,0,sehr wenige
772917,KAHM0,0,sehr wenige
772917,KAKIA,0,sehr wenige
772917,KAKIB,92,sehr wenige
772917,KALE0,142,wenige
772917,KABK0,0,sehr wenige
772917,KALK0,0,sehr wenige
772917,KADK0,17,sehr wenige
772917,KAOM0,0,sehr wenige
772917,KAPRK0,0,sehr wenige
772917,KAPK0,0,sehr wenige
772917,KAEH0,77,sehr wenige
772917,KARH0,5,sehr wenige
772917,KARK0,6,sehr wenige
772917,KAEK0,108,sehr wenige
772917,KASA0,0,sehr wenige
772917,KAMUS0,0,sehr wenige
772917,KAPAR0,4,sehr wenige
772917,KAEN0,0,sehr wenige
772917,KABAA0,6,sehr wenige
772917,KASCHK0,65,sehr wenige
772917,KAOH0,10,sehr wenige
772918,KAHKO0,226,mittel
772918,KAHM0,448,sehr viele
772918,KAKIA,449,sehr viele
772918,KAKIB,397,sehr viele
772918,KALE0,519,sehr viele
772918,KABK0,186,wenige
772918,KALK0,121,wenige
772918,KADK0,134,wenige
772918,KAOM0,100,sehr wenige
772918,KAPRK0,405,sehr viele
772918,KAPK0,63,sehr wenige
772918,KAEH0,149,wenige
772918,KARH0,56,sehr wenige
772918,KARK0,61,sehr wenige
772918,KAEK0,190,wenige
772918,KASA0,944,sehr viele
772918,KAMUS0,650,sehr viele
772918,KAPAR0,167,wenige
772918,KAEN0,1143,sehr viele
772918,KABAA0,61,sehr wenige
772918,KASCHK0,140,wenige
772918,KAOH0,47,sehr wenige
772923,KAHKO0,0,sehr wenige
772923,KAHM0,0,sehr wenige
772923,KAKIA,0,sehr wenige
772923,KAKIB,0,sehr wenige
772923,KALE0,0,sehr wenige
772923,KABK0,0,sehr wenige
772923,KALK0,0,sehr wenige
772923,KADK0,0,sehr wenige
772923,KAOM0,0,sehr wenige
772923,KAPRK0,0,sehr wenige
772923,KAPK0,0,sehr wenige
772923,KAEH0,0,sehr wenige
772923,KARH0,0,sehr wenige
772923,KARK0,0,sehr wenige
772923,KAEK0,0,sehr wenige
772923,KASA0,461,sehr viele
772923,KAMUS0,66,sehr wenige
772923,KAPAR0,41,sehr wenige
772923,KAEN0,0,sehr wenige
772923,KABAA0,0,sehr wenige
772923,KASCHK0,0,sehr wenige
772923,KAOH0,0,sehr wenige
772924,KAHKO0,0,sehr wenige
772924,KAHM0,0,sehr wenige
772924,KAKIA,0,sehr wenige
772924,KAKIB,318,viele
772924,KALE0,683,sehr viele
772924,KABK0,0,sehr wenige
772924,KALK0,0,sehr wenige
772924,KADK0,33,sehr wenige
772924,KAOM0,4,sehr wenige
772924,KAPRK0,12,sehr wenige
772924,KAPK0,0,sehr wenige
772924,KAEH0,9,sehr wenige
772924,KARH0,7,sehr wenige
772924,KARK0,0,sehr wenige
772924,KAEK0,0,sehr wenige
772924,KASA0,494,sehr viele
772924,KAMUS0,24,sehr wenige
772924,KAPAR0,36,sehr wenige
772924,KAEN0,969,sehr viele
772924,KABAA0,0,sehr wenige
772924,KASCHK0,152,wenige
772924,KAOH0,22,sehr wenige
772932,KAHKO0,0,sehr wenige
772932,KAHM0,0,sehr wenige
772932,KAKIA,0,sehr wenige
772932,KAKIB,267,viele
772932,KALE0,280,viele
772932,KABK0,0,sehr wenige
772932,KALK0,0,sehr wenige
772932,KADK0,38,sehr wenige
772932,KAOM0,13,sehr wenige
772932,KAPRK0,0,sehr wenige
772932,KAPK0,13,sehr wenige
772932,KAEH0,82,sehr wenige
772932,KARH0,15,sehr wenige
772932,KARK0,6,sehr wenige
772932,KAEK0,64,sehr wenige
772932,KASA0,611,sehr viele
772932,KAMUS0,46,sehr wenige
772932,KAPAR0,103,sehr wenige
772932,KAEN0,0,sehr wenige
772932,KABAA0,0,sehr wenige
772932,KASCHK0,86,sehr wenige
772932,KAOH0,13,sehr wenige
772936,KAHKO0,0,sehr wenige
772936,KAHM0,0,sehr wenige
772936,KAKIA,0,sehr wenige
772936,KAKIB,0,sehr wenige
772936,KALE0,401,sehr viele
772936,KABK0,53,sehr wenige
772936,KALK0,0,sehr wenige
772936,KADK0,43,sehr wenige
772936,KAOM0,0,sehr wenige
772936,KAPRK0,83,sehr wenige
772936,KAPK0,0,sehr wenige
772936,KAEH0,0,sehr wenige
772936,KARH0,0,sehr wenige
772936,KARK0,0,sehr wenige
772936,KAEK0,0,sehr wenige
772936,KASA0,808,sehr viele
772936,KAMUS0,107,sehr wenige
772936,KAPAR0,74,sehr wenige
772936,KAEN0,1667,sehr viele
772936,KABAA0,0,sehr wenige
772936,KASCHK0,0,sehr wenige
772936,KAOH0,0,sehr wenige
772937,KAHKO0,0,sehr wenige
772937,KAHM0,0,sehr wenige
772937,KAKIA,0,sehr wenige
772937,KAKIB,0,sehr wenige
772937,KALE0,0,sehr wenige
772937,KABK0,0,sehr wenige
772937,KALK0,0,sehr wenige
772937,KADK0,0,sehr wenige
772937,KAOM0,0,sehr wenige
772937,KAPRK0,0,sehr wenige
772937,KAPK0,0,sehr wenige
772937,KAEH0,602,sehr viele
772937,KARH0,56,sehr wenige
772937,KARK0,91,sehr wenige
772937,KAEK0,493,sehr viele
772937,KASA0,0,sehr wenige
772937,KAMUS0,0,sehr wenige
772937,KAPAR0,0,sehr wenige
772937,KAEN0,0,sehr wenige
772937,KABAA0,0,sehr wenige
772937,KASCHK0,0,sehr wenige
772937,KAOH0,0,sehr wenige
772938,KAHKO0,0,sehr wenige
772938,KAHM0,0,sehr wenige
772938,KAKIA,0,sehr wenige
772938,KAKIB,0,sehr wenige
772938,KALE0,0,sehr wenige
772938,KABK0,0,sehr wenige
772938,KALK0,0,sehr wenige
772938,KADK0,0,sehr wenige
772938,KAOM0,0,sehr wenige
772938,KAPRK0,0,sehr wenige
772938,KAPK0,0,sehr wenige
772938,KAEH0,0,sehr wenige
772938,KARH0,0,sehr wenige
772938,KARK0,0,sehr wenige
772938,KAEK0,0,sehr wenige
772938,KASA0,630,sehr viele
772938,KAMUS0,48,sehr wenige
772938,KAPAR0,42,sehr wenige
772938,KAEN0,0,sehr wenige
772938,KABAA0,0,sehr wenige
772938,KASCHK0,0,sehr wenige
772938,KAOH0,0,sehr wenige
772939,KAHKO0,0,sehr wenige
772939,KAHM0,0,sehr wenige
772939,KAKIA,0,sehr wenige
772939,KAKIB,0,sehr wenige
772939,KALE0,308,viele
772939,KABK0,0,sehr wenige
772939,KALK0,0,sehr wenige
772939,KADK0,16,sehr wenige
772939,KAOM0,0,sehr wenige
772939,KAPRK0,0,sehr wenige
772939,KAPK0,0,sehr wenige
772939,KAEH0,143,wenige
772939,KARH0,10,sehr wenige
772939,KARK0,10,sehr wenige
772939,KAEK0,184,wenige
772939,KASA0,0,sehr wenige
772939,KAMUS0,11,sehr wenige
772939,KAPAR0,13,sehr wenige
772939,KAEN0,0,sehr wenige
772939,KABAA0,0,sehr wenige
772939,KASCHK0,0,sehr wenige
772939,KAOH0,0,sehr wenige
772940,KAHKO0,0,sehr wenige
772940,KAHM0,0,sehr wenige
772940,KAKIA,0,sehr wenige
772940,KAKIB,0,sehr wenige
772940,KALE0,6,sehr wenige
772940,KABK0,0,sehr wenige
772940,KALK0,0,sehr wenige
772940,KADK0,0,sehr wenige
772940,KAOM0,0,sehr wenige
772940,KAPRK0,0,sehr wenige
772940,KAPK0,0,sehr wenige
772940,KAEH0,0,sehr wenige
772940,KARH0,0,sehr wenige
772940,KARK0,0,sehr wenige
772940,KAEK0,0,sehr wenige
772940,KASA0,792,sehr viele
772940,KAMUS0,593,sehr viele
772940,KAPAR0,126,wenige
772940,KAEN0,0,sehr wenige
772940,KABAA0,0,sehr wenige
772940,KASCHK0,0,sehr wenige
772940,KAOH0,0,sehr wenige
772941,KAHKO0,0,sehr wenige
772941,KAHM0,0,sehr wenige
772941,KAKIA,0,sehr wenige
772941,KAKIB,444,sehr viele
772941,KALE0,514,sehr viele
772941,KABK0,160,wenige
772941,KALK0,0,sehr wenige
772941,KADK0,89,sehr wenige
772941,KAOM0,8,sehr wenige
772941,KAPRK0,92,sehr wenige
772941,KAPK0,0,sehr wenige
772941,KAEH0,78,sehr wenige
772941,KARH0,0,sehr wenige
772941,KARK0,5,sehr wenige
772941,KAEK0,85,sehr wenige
772941,KASA0,0,sehr wenige
772941,KAMUS0,5,sehr wenige
772941,KAPAR0,32,sehr wenige
772941,KAEN0,3421,sehr viele
772941,KABAA0,25,sehr wenige
772941,KASCHK0,413,sehr viele
772941,KAOH0,98,sehr wenige
772942,KAHKO0,0,sehr wenige
772942,KAHM0,0,sehr wenige
772942,KAKIA,0,sehr wenige
772942,KAKIB,0,sehr wenige
772942,KALE0,0,sehr wenige
772942,KABK0,0,sehr wenige
772942,KALK0,0,sehr wenige
772942,KADK0,0,sehr wenige
772942,KAOM0,0,sehr wenige
772942,KAPRK0,0,sehr wenige
772942,KAPK0,0,sehr wenige
772942,KAEH0,0,sehr wenige
772942,KARH0,0,sehr wenige
772942,KARK0,0,sehr wenige
772942,KAEK0,0,sehr wenige
772942,KASA0,0,sehr wenige
772942,KAMUS0,0,sehr wenige
772942,KAPAR0,0,sehr wenige
772942,KAEN0,0,sehr wenige
772942,KABAA0,0,sehr wenige
772942,KASCHK0,0,sehr wenige
772942,KAOH0,0,sehr wenige
772949,KAHKO0,0,sehr wenige
772949,KAHM0,0,sehr wenige
772949,KAKIA,0,sehr wenige
772949,KAKIB,0,sehr wenige
772949,KALE0,402,sehr viele
772949,KABK0,0,sehr wenige
772949,KALK0,0,sehr wenige
772949,KADK0,17,sehr wenige
772949,KAOM0,0,sehr wenige
772949,KAPRK0,0,sehr wenige
772949,KAPK0,0,sehr wenige
772949,KAEH0,42,sehr wenige
772949,KARH0,4,sehr wenige
772949,KARK0,10,sehr wenige
772949,KAEK0,66,sehr wenige
772949,KASA0,0,sehr wenige
772949,KAMUS0,0,sehr wenige
772949,KAPAR0,13,sehr wenige
772949,KAEN0,448,sehr viele
772949,KABAA0,0,sehr wenige
772949,KASCHK0,0,sehr wenige
772949,KAOH0,0,sehr wenige
772950,KAHKO0,0,sehr wenige
772950,KAHM0,0,sehr wenige
772950,KAKIA,0,sehr wenige
772950,KAKIB,0,sehr wenige
772950,KALE0,209,mittel
772950,KABK0,78,sehr wenige
772950,KALK0,0,sehr wenige
772950,KADK0,42,sehr wenige
772950,KAOM0,5,sehr wenige
772950,KAPRK0,0,sehr wenige
772950,KAPK0,0,sehr wenige
772950,KAEH0,450,sehr viele
772950,KARH0,29,sehr wenige
772950,KARK0,54,sehr wenige
772950,KAEK0,322,viele
772950,KASA0,382,sehr viele
772950,KAMUS0,29,sehr wenige
772950,KAPAR0,88,sehr wenige
772950,KAEN0,0,sehr wenige
772950,KABAA0,14,sehr wenige
772950,KASCHK0,284,viele
772950,KAOH0,31,sehr wenige
772951,KAHKO0,0,sehr wenige
772951,KAHM0,0,sehr wenige
772951,KAKIA,0,sehr wenige
772951,KAKIB,0,sehr wenige
772951,KALE0,203,mittel
772951,KABK0,0,sehr wenige
772951,KALK0,0,sehr wenige
772951,KADK0,41,sehr wenige
772951,KAOM0,0,sehr wenige
772951,KAPRK0,92,sehr wenige
772951,KAPK0,4,sehr wenige
772951,KAEH0,120,wenige
772951,KARH0,0,sehr wenige
772951,KARK0,6,sehr wenige
772951,KAEK0,155,wenige
772951,KASA0,454,sehr viele
772951,KAMUS0,137,wenige
772951,KAPAR0,37,sehr wenige
772951,KAEN0,0,sehr wenige
772951,KABAA0,0,sehr wenige
772951,KASCHK0,0,sehr wenige
772951,KAOH0,0,sehr wenige
772952,KAHKO0,0,sehr wenige
772952,KAHM0,0,sehr wenige
772952,KAKIA,0,sehr wenige
772952,KAKIB,0,sehr wenige
772952,KALE0,11,sehr wenige
772952,KABK0,0,sehr wenige
772952,KALK0,0,sehr wenige
772952,KADK0,0,sehr wenige
772952,KAOM0,0,sehr wenige
772952,KAPRK0,0,sehr wenige
772952,KAPK0,0,sehr wenige
772952,KAEH0,0,sehr wenige
772952,KARH0,0,sehr wenige
772952,KARK0,0,sehr wenige
772952,KAEK0,0,sehr wenige
772952,KASA0,0,sehr wenige
772952,KAMUS0,0,sehr wenige
772952,KAPAR0,0,sehr wenige
772952,KAEN0,0,sehr wenige
772952,KABAA0,0,sehr wenige
772952,KASCHK0,0,sehr wenige
772952,KAOH0,0,sehr wenige
772953,KAHKO0,0,sehr wenige
772953,KAHM0,0,sehr wenige
772953,KAKIA,0,sehr wenige
772953,KAKIB,203,mittel
772953,KALE0,243,mittel
772953,KABK0,4,sehr wenige
772953,KALK0,0,sehr wenige
772953,KADK0,15,sehr wenige
772953,KAOM0,4,sehr wenige
772953,KAPRK0,0,sehr wenige
772953,KAPK0,0,sehr wenige
772953,KAEH0,245,mittel
772953,KARH0,42,sehr wenige
772953,KARK0,28,sehr wenige
772953,KAEK0,184,wenige
772953,KASA0,901,sehr viele
772953,KAMUS0,121,wenige
772953,KAPAR0,120,wenige
772953,KAEN0,458,sehr viele
772953,KABAA0,0,sehr wenige
772953,KASCHK0,0,sehr wenige
772953,KAOH0,4,sehr wenige
772954,KAHKO0,0,sehr wenige
772954,KAHM0,0,sehr wenige
772954,KAKIA,0,sehr wenige
772954,KAKIB,0,sehr wenige
772954,KALE0,0,sehr wenige
772954,KABK0,0,sehr wenige
772954,KALK0,0,sehr wenige
772954,KADK0,0,sehr wenige
772954,KAOM0,0,sehr wenige
772954,KAPRK0,0,sehr wenige
772954,KAPK0,0,sehr wenige
772954,KAEH0,0,sehr wenige
772954,KARH0,0,sehr wenige
772954,KARK0,0,sehr wenige
772954,KAEK0,0,sehr wenige
772954,KASA0,0,sehr wenige
772954,KAMUS0,0,sehr wenige
772954,KAPAR0,0,sehr wenige
772954,KAEN0,0,sehr wenige
772954,KABAA0,0,sehr wenige
772954,KASCHK0,0,sehr wenige
772954,KAOH0,0,sehr wenige
772955,KAHKO0,0,sehr wenige
772955,KAHM0,0,sehr wenige
772955,KAKIA,0,sehr wenige
772955,KAKIB,1377,sehr viele
772955,KALE0,721,sehr viele
772955,KABK0,12,sehr wenige
772955,KALK0,205,mittel
772955,KADK0,53,sehr wenige
772955,KAOM0,21,sehr wenige
772955,KAPRK0,0,sehr wenige
772955,KAPK0,21,sehr wenige
772955,KAEH0,86,sehr wenige
772955,KARH0,13,sehr wenige
772955,KARK0,24,sehr wenige
772955,KAEK0,185,wenige
772955,KASA0,0,sehr wenige
772955,KAMUS0,0,sehr wenige
772955,KAPAR0,7,sehr wenige
772955,KAEN0,0,sehr wenige
772955,KABAA0,21,sehr wenige
772955,KASCHK0,168,wenige
772955,KAOH0,19,sehr wenige
772956,KAHKO0,0,sehr wenige
772956,KAHM0,0,sehr wenige
772956,KAKIA,0,sehr wenige
772956,KAKIB,233,mittel
772956,KALE0,133,wenige
772956,KABK0,0,sehr wenige
772956,KALK0,0,sehr wenige
772956,KADK0,34,sehr wenige
772956,KAOM0,0,sehr wenige
772956,KAPRK0,0,sehr wenige
772956,KAPK0,0,sehr wenige
772956,KAEH0,113,sehr wenige
772956,KARH0,8,sehr wenige
772956,KARK0,4,sehr wenige
772956,KAEK0,135,wenige
772956,KASA0,0,sehr wenige
772956,KAMUS0,0,sehr wenige
772956,KAPAR0,0,sehr wenige
772956,KAEN0,721,sehr viele
772956,KABAA0,0,sehr wenige
772956,KASCHK0,116,wenige
772956,KAOH0,17,sehr wenige
772957,KAHKO0,0,sehr wenige
772957,KAHM0,0,sehr wenige
772957,KAKIA,0,sehr wenige
772957,KAKIB,178,wenige
772957,KALE0,370,sehr viele
772957,KABK0,50,sehr wenige
772957,KALK0,0,sehr wenige
772957,KADK0,35,sehr wenige
772957,KAOM0,6,sehr wenige
772957,KAPRK0,57,sehr wenige
772957,KAPK0,4,sehr wenige
772957,KAEH0,116,wenige
772957,KARH0,19,sehr wenige
772957,KARK0,19,sehr wenige
772957,KAEK0,126,wenige
772957,KASA0,355,sehr viele
772957,KAMUS0,11,sehr wenige
772957,KAPAR0,25,sehr wenige
772957,KAEN0,558,sehr viele
772957,KABAA0,6,sehr wenige
772957,KASCHK0,169,wenige
772957,KAOH0,26,sehr wenige
772961,KAHKO0,0,sehr wenige
772961,KAHM0,0,sehr wenige
772961,KAKIA,0,sehr wenige
772961,KAKIB,0,sehr wenige
772961,KALE0,259,viele
772961,KABK0,13,sehr wenige
772961,KALK0,0,sehr wenige
772961,KADK0,10,sehr wenige
772961,KAOM0,0,sehr wenige
772961,KAPRK0,0,sehr wenige
772961,KAPK0,0,sehr wenige
772961,KAEH0,228,mittel
772961,KARH0,7,sehr wenige
772961,KARK0,22,sehr wenige
772961,KAEK0,173,wenige
772961,KASA0,0,sehr wenige
772961,KAMUS0,0,sehr wenige
772961,KAPAR0,0,sehr wenige
772961,KAEN0,0,sehr wenige
772961,KABAA0,0,sehr wenige
772961,KASCHK0,0,sehr wenige
772961,KAOH0,0,sehr wenige
772962,KAHKO0,0,sehr wenige
772962,KAHM0,0,sehr wenige
772962,KAKIA,0,sehr wenige
772962,KAKIB,0,sehr wenige
772962,KALE0,30,sehr wenige
772962,KABK0,0,sehr wenige
772962,KALK0,0,sehr wenige
772962,KADK0,0,sehr wenige
772962,KAOM0,0,sehr wenige
772962,KAPRK0,0,sehr wenige
772962,KAPK0,0,sehr wenige
772962,KAEH0,0,sehr wenige
772962,KARH0,0,sehr wenige
772962,KARK0,0,sehr wenige
772962,KAEK0,0,sehr wenige
772962,KASA0,0,sehr wenige
772962,KAMUS0,63,sehr wenige
772962,KAPAR0,12,sehr wenige
772962,KAEN0,0,sehr wenige
772962,KABAA0,0,sehr wenige
772962,KASCHK0,0,sehr wenige
772962,KAOH0,0,sehr wenige
772963,KAHKO0,112,sehr wenige
772963,KAHM0,0,sehr wenige
772963,KAKIA,143,wenige
772963,KAKIB,431,sehr viele
772963,KALE0,0,sehr wenige
772963,KABK0,0,sehr wenige
772963,KALK0,0,sehr wenige
772963,KADK0,0,sehr wenige
772963,KAOM0,0,sehr wenige
772963,KAPRK0,0,sehr wenige
772963,KAPK0,0,sehr wenige
772963,KAEH0,0,sehr wenige
772963,KARH0,0,sehr wenige
772963,KARK0,0,sehr wenige
772963,KAEK0,0,sehr wenige
772963,KASA0,0,sehr wenige
772963,KAMUS0,0,sehr wenige
772963,KAPAR0,0,sehr wenige
772963,KAEN0,0,sehr wenige
772963,KABAA0,0,sehr wenige
772963,KASCHK0,0,sehr wenige
772963,KAOH0,0,sehr wenige
772964,KAHKO0,0,sehr wenige
772964,KAHM0,0,sehr wenige
772964,KAKIA,0,sehr wenige
772964,KAKIB,0,sehr wenige
772964,KALE0,4,sehr wenige
772964,KABK0,0,sehr wenige
772964,KALK0,0,sehr wenige
772964,KADK0,0,sehr wenige
772964,KAOM0,0,sehr wenige
772964,KAPRK0,0,sehr wenige
772964,KAPK0,0,sehr wenige
772964,KAEH0,0,sehr wenige
772964,KARH0,0,sehr wenige
772964,KARK0,0,sehr wenige
772964,KAEK0,0,sehr wenige
772964,KASA0,0,sehr wenige
772964,KAMUS0,0,sehr wenige
772964,KAPAR0,4,sehr wenige
772964,KAEN0,0,sehr wenige
772964,KABAA0,0,sehr wenige
772964,KASCHK0,0,sehr wenige
772964,KAOH0,0,sehr wenige
772965,KAHKO0,0,sehr wenige
772965,KAHM0,0,sehr wenige
772965,KAKIA,0,sehr wenige
772965,KAKIB,0,sehr wenige
772965,KALE0,18,sehr wenige
772965,KABK0,0,sehr wenige
772965,KALK0,0,sehr wenige
772965,KADK0,0,sehr wenige
772965,KAOM0,0,sehr wenige
772965,KAPRK0,0,sehr wenige
772965,KAPK0,0,sehr wenige
772965,KAEH0,0,sehr wenige
772965,KARH0,0,sehr wenige
772965,KARK0,0,sehr wenige
772965,KAEK0,0,sehr wenige
772965,KASA0,0,sehr wenige
772965,KAMUS0,0,sehr wenige
772965,KAPAR0,29,sehr wenige
772965,KAEN0,0,sehr wenige
772965,KABAA0,0,sehr wenige
772965,KASCHK0,0,sehr wenige
772965,KAOH0,0,sehr wenige
772966,KAHKO0,0,sehr wenige
772966,KAHM0,0,sehr wenige
772966,KAKIA,0,sehr wenige
772966,KAKIB,0,sehr wenige
772966,KALE0,0,sehr wenige
772966,KABK0,0,sehr wenige
772966,KALK0,0,sehr wenige
772966,KADK0,0,sehr wenige
772966,KAOM0,0,sehr wenige
772966,KAPRK0,0,sehr wenige
772966,KAPK0,0,sehr wenige
772966,KAEH0,0,sehr wenige
772966,KARH0,0,sehr wenige
772966,KARK0,0,sehr wenige
772966,KAEK0,0,sehr wenige
772966,KASA0,0,sehr wenige
772966,KAMUS0,0,sehr wenige
772966,KAPAR0,0,sehr wenige
772966,KAEN0,0,sehr wenige
772966,KABAA0,0,sehr wenige
772966,KASCHK0,0,sehr wenige
772966,KAOH0,0,sehr wenige
